time, position, , , velocity, , ,acceleration, , 
, x, y, s, x, y, s, x, y, s, 
0.0199999995529652, 0, 0, 0 , 0, 0, 0, 0, 0, 0
0.0399999991059303, -2.302903E-08, 0.1004419, 0.100441947579386 , -1.212198E-08, -0.09790339, 0.0979033857584007, -6.06099E-07, -4.895169, 4.89516925811771
0.0599999986588955, -2.360251E-08, 0.09665066, 0.0966506600379973 , -2.845113E-08, -0.1905655, 0.190565451979639, -8.164573E-07, -4.633103, 4.63310337066658
0.0799999982118607, -2.448148E-08, 0.09100773, 0.0910077318549189 , -4.377026E-08, -0.2829472, 0.282947242259983, -7.659569E-07, -4.61909, 4.61908960342414
0.0999999977648258, -2.566722E-08, 0.08352138, 0.0835213810205499 , -5.914455E-08, -0.3749582, 0.374958217144017, -7.687142E-07, -4.600549, 4.60054874420172
0.119999997317791, -2.716125E-08, 0.07420147, 0.0742014721036007 , -7.458732E-08, -0.4665081, 0.466508090496069, -7.721387E-07, -4.577494, 4.5774936676026
0.139999996870756, -2.896531E-08, 0.06305953, 0.063059531152255 , -9.011173E-08, -0.5575072, 0.557507216930397, -7.762207E-07, -4.549956, 4.54995632171638
0.159999996423721, -3.108139E-08, 0.05010876, 0.0501087605953313 , -1.057309E-07, -0.6478665, 0.64786648750306, -7.809583E-07, -4.517963, 4.5179634094239
0.179999995976686, -3.351171E-08, 0.03536406, 0.035364057868735 , -1.214578E-07, -0.7374976, 0.737497627735148, -7.863474E-07, -4.481557, 4.48155689239509
0.199999995529652, -3.625876E-08, 0.01884199, 0.0188419949263683 , -1.373054E-07, -0.826313, 0.826312959194195, -7.923802E-07, -4.440767, 4.44076681137092
0.219999995082617, -3.932524E-08, 0.0005608398, 0.000560839778259752 , -1.532866E-07, -0.9142258, 0.914225816726697, -7.990565E-07, -4.395643, 4.39564275741584
0.239999994635582, -4.271411E-08, -0.01945948, 0.0194594785571567 , -1.694138E-07, -1.00115, 1.00115036964418, -8.063623E-07, -4.346228, 4.3462276458741
0.259999994188547, -4.642859E-08, -0.04119738, 0.0411973819136881 , -1.856997E-07, -1.087002, 1.0870020389557, -8.142962E-07, -4.292583, 4.29258346557625
0.279999993741512, -5.04721E-08, -0.06462961, 0.0646296143531996 , -2.021566E-07, -1.171697, 1.17169713974001, -8.228448E-07, -4.234755, 4.23475503921517
0.299999993294477, -5.484834E-08, -0.08973131, 0.089731305837648 , -2.187967E-07, -1.255153, 1.2551534175873, -8.320043E-07, -4.172814, 4.17281389236458
0.319999992847443, -5.956122E-08, -0.116476, 0.116476006805912 , -2.35632E-07, -1.33729, 1.33728981018068, -8.417629E-07, -4.10682, 4.10681962966928
0.339999992400408, -6.46149E-08, -0.1448357, 0.144835650920882 , -2.526741E-07, -1.418026, 1.41802644729617, -8.521063E-07, -4.036832, 4.03683185577402
0.359999991953373, -7.001375E-08, -0.1747807, 0.174780651927008 , -2.699348E-07, -1.497285, 1.49728536605837, -8.630337E-07, -3.962946, 3.96294593811045
0.379999991506338, -7.576239E-08, -0.2062799, 0.206279873847975 , -2.874253E-07, -1.57499, 1.57498979568484, -8.745246E-07, -3.885221, 3.88522148132334
0.399999991059303, -8.186562E-08, -0.2393007, 0.239300727844252 , -3.051567E-07, -1.651065, 1.65106463432315, -8.865698E-07, -3.803742, 3.80374193191539
0.419999990612268, -8.83285E-08, -0.2738091, 0.273809105157866 , -3.231399E-07, -1.725436, 1.72543644905093, -8.991606E-07, -3.718591, 3.71859073638927
0.439999990165234, -9.515627E-08, -0.3097695, 0.309769481420532 , -3.413855E-07, -1.798034, 1.79803371429447, -9.1228E-07, -3.629863, 3.62986326217663
0.459999989718199, -1.023544E-07, -0.347145, 0.347144961357132 , -3.599038E-07, -1.868787, 1.86878657341007, -9.259139E-07, -3.537643, 3.53764295578015
0.479999989271164, -1.099285E-07, -0.3858973, 0.385897338390366 , -3.787048E-07, -1.937627, 1.93762719631199, -9.400509E-07, -3.442031, 3.44203114509595
0.499999988824129, -1.178845E-07, -0.425987, 0.425986975431459 , -3.977984E-07, -2.004489, 2.00448942184452, -9.546795E-07, -3.343111, 3.34311127662672
0.519999988377094, -1.262284E-07, -0.467373, 0.467373043298738 , -4.171939E-07, -2.069309, 2.06930923461918, -9.697743E-07, -3.240991, 3.24099063873305
0.539999987930059, -1.349665E-07, -0.5100134, 0.510013401508349 , -4.369005E-07, -2.132025, 2.13202476501469, -9.853323E-07, -3.135777, 3.13577651977555
0.559999987483025, -1.44105E-07, -0.5538648, 0.553864836692829 , -4.569271E-07, -2.192576, 2.19257640838628, -1.001328E-06, -3.027582, 3.02758216857927
0.57999998703599, -1.536507E-07, -0.5988829, 0.598882913589497 , -4.772821E-07, -2.250906, 2.25090646743779, -1.017753E-06, -2.916503, 2.91650295257586
0.599999986588955, -1.636102E-07, -0.645022, 0.645022034645101 , -4.979738E-07, -2.30696, 2.30695962905889, -1.034584E-06, -2.802658, 2.80265808105488
0.61999998614192, -1.739904E-07, -0.6922356, 0.692235648632071 , -5.1901E-07, -2.360683, 2.36068296432501, -1.051811E-06, -2.686167, 2.68616676330587
0.639999985694885, -1.847984E-07, -0.7404761, 0.740476071834587 , -5.403981E-07, -2.412025, 2.41202545166022, -1.069404E-06, -2.567124, 2.56712436676048
0.65999998524785, -1.960413E-07, -0.7896948, 0.789694845676446 , -5.621453E-07, -2.460939, 2.4609394073487, -1.087361E-06, -2.445698, 2.44569778442407
0.679999984800816, -2.077265E-07, -0.8398424, 0.839842379093196 , -5.842585E-07, -2.507379, 2.5073785781861, -1.105658E-06, -2.321959, 2.32195854187038
0.699999984353781, -2.198614E-07, -0.8908684, 0.890868365764645 , -6.067439E-07, -2.5513, 2.55129981040962, -1.124272E-06, -2.196062, 2.19606161117582
0.719999983906746, -2.324535E-07, -0.9427215, 0.942721545696287 , -6.296077E-07, -2.592662, 2.59266185760506, -1.143189E-06, -2.068102, 2.06810235977204
0.739999983459711, -2.455106E-07, -0.9953501, 0.995350062847168 , -6.528554E-07, -2.631427, 2.63142704963692, -1.162385E-06, -1.93826, 1.93825960159337
0.759999983012676, -2.590405E-07, -1.048701, 1.04870128631595 , -6.764924E-07, -2.66756, 2.66755962371835, -1.181849E-06, -1.806629, 1.80662870407143
0.779999982565641, -2.73051E-07, -1.102722, 1.10272181034092 , -7.005235E-07, -2.701026, 2.70102620124826, -1.201556E-06, -1.673329, 1.67332887649579
0.799999982118607, -2.8755E-07, -1.157358, 1.15735769271854 , -7.249532E-07, -2.731797, 2.73179674148569, -1.221485E-06, -1.538527, 1.53852701187182
0.819999981671572, -3.025457E-07, -1.212555, 1.21255457401279 , -7.497857E-07, -2.759843, 2.75984334945689, -1.241625E-06, -1.40233, 1.40233039856012
0.839999981224537, -3.180462E-07, -1.268257, 1.2682573795319 , -7.750247E-07, -2.785141, 2.78514099121105, -1.261947E-06, -1.264882, 1.26488208770815
0.859999980777502, -3.340597E-07, -1.324411, 1.32441067695622 , -8.006733E-07, -2.807668, 2.80766773223888, -1.282433E-06, -1.126337, 1.12633705139233
0.879999980330467, -3.505944E-07, -1.380959, 1.38095879554753 , -8.267345E-07, -2.827404, 2.82740402221692, -1.303061E-06, -0.9868145, 0.986814498902228
0.899999979883432, -3.676586E-07, -1.437845, 1.43784546852117 , -8.532108E-07, -2.844333, 2.84433317184461, -1.323815E-06, -0.8464575, 0.846457481385313
0.919999979436398, -3.852607E-07, -1.495014, 1.49501430988317 , -8.801044E-07, -2.858441, 2.85844087600722, -1.344677E-06, -0.7053852, 0.705385208131164
0.939999978989363, -4.03409E-07, -1.552409, 1.552408695221 , -9.074166E-07, -2.869716, 2.86971640586867, -1.365612E-06, -0.5637765, 0.563776493074164
0.959999978542328, -4.22112E-07, -1.609972, 1.60997176170355 , -9.351487E-07, -2.878151, 2.87815117836014, -1.386604E-06, -0.4217386, 0.421738624575033
0.979999978095293, -4.41378E-07, -1.667647, 1.6676465272904 , -9.633018E-07, -2.88374, 2.88373970985429, -1.407653E-06, -0.2794266, 0.279426574710577
0.999999977648258, -4.612156E-07, -1.725376, 1.72537612915045 , -9.918762E-07, -2.88648, 2.88647961616533, -1.42872E-06, -0.1369953, 0.136995315559208
1.01999997720122, -4.81633E-07, -1.783103, 1.783103466034 , -1.020872E-06, -2.886371, 2.88637065887469, -1.449769E-06, 0.005447865, 0.00544786472537465
1.03999997675419, -5.026387E-07, -1.840772, 1.84077167510993 , -1.050288E-06, -2.883416, 2.8834159374239, -1.470812E-06, 0.1477361, 0.147736072547605
1.05999997630715, -5.242412E-07, -1.898324, 1.89832401275642 , -1.080124E-06, -2.877621, 2.87762117385885, -1.491804E-06, 0.2897382, 0.289738178257014
1.07999997586012, -5.464488E-07, -1.955704, 1.95570385456093 , -1.110379E-06, -2.868995, 2.8689947128298, -1.51274E-06, 0.4313231, 0.431323051455289
1.09999997541308, -5.692698E-07, -2.012855, 2.0128548145295 , -1.14105E-06, -2.857548, 2.85754799842857, -1.53359E-06, 0.5723357, 0.572335720064311
1.11999997496605, -5.927125E-07, -2.069721, 2.06972074508675 , -1.172137E-06, -2.843295, 2.84329509735132, -1.554326E-06, 0.7126451, 0.71264505386522
1.13999997451901, -6.167853E-07, -2.126246, 2.12624573707589 , -1.203636E-06, -2.826253, 2.82625293731715, -1.574961E-06, 0.852108, 0.85210800171044
1.15999997407198, -6.414962E-07, -2.182374, 2.18237447738657 , -1.235545E-06, -2.806441, 2.80644083023099, -1.595436E-06, 0.9906054, 0.990605354310367
1.17999997362494, -6.668533E-07, -2.238052, 2.23805212974558 , -1.26786E-06, -2.783881, 2.78388118743925, -1.61574E-06, 1.127982, 1.12798213958856
1.19999997317791, -6.928649E-07, -2.293224, 2.29322409629832 , -1.300577E-06, -2.758599, 2.75859880447418, -1.635874E-06, 1.264119, 1.26411914825545
1.21999997273088, -7.195388E-07, -2.347836, 2.34783649444591 , -1.333693E-06, -2.730621, 2.73062133789095, -1.655803E-06, 1.398873, 1.39887332916358
1.23999997228384, -7.468828E-07, -2.401836, 2.40183615684521 , -1.367203E-06, -2.699979, 2.6999790668491, -1.675483E-06, 1.532114, 1.53211355209442
1.25999997183681, -7.749049E-07, -2.45517, 2.45517015457166 , -1.401102E-06, -2.666705, 2.66670513153113, -1.694957E-06, 1.663697, 1.66369676590052
1.27999997138977, -8.036126E-07, -2.507787, 2.50778675079359 , -1.435385E-06, -2.630835, 2.63083457946817, -1.714147E-06, 1.793528, 1.79352760315023
1.29999997094274, -8.330135E-07, -2.559635, 2.55963492393507 , -1.470046E-06, -2.592405, 2.59240531921428, -1.733065E-06, 1.921463, 1.92146301269609
1.3199999704957, -8.631151E-07, -2.610664, 2.61066412925734 , -1.50508E-06, -2.551458, 2.55145788192793, -1.751675E-06, 2.047372, 2.0473718643196
1.33999997004867, -8.939247E-07, -2.660825, 2.66082477569595 , -1.540479E-06, -2.508035, 2.50803518295335, -1.769979E-06, 2.171135, 2.17113494873119
1.35999996960163, -9.254495E-07, -2.710068, 2.71006846427933 , -1.576238E-06, -2.462183, 2.46218252182057, -1.787942E-06, 2.292633, 2.29263305664132
1.3799999691546, -9.576964E-07, -2.758348, 2.75834751129167 , -1.612349E-06, -2.413947, 2.41394710540825, -1.805552E-06, 2.411771, 2.41177082061835
1.39999996870756, -9.906726E-07, -2.805615, 2.80561518669146 , -1.648805E-06, -2.363379, 2.36337924003659, -1.822798E-06, 2.528393, 2.52839326858586
1.41999996826053, -1.024385E-06, -2.851826, 2.85182571411151 , -1.685598E-06, -2.310531, 2.31053113937439, -1.839658E-06, 2.642405, 2.64240503311221
1.43999996781349, -1.058839E-06, -2.896935, 2.89693474769612 , -1.722721E-06, -2.255457, 2.25545692443913, -1.856108E-06, 2.753711, 2.75371074676576
1.45999996736646, -1.094042E-06, -2.940899, 2.94089889526388 , -1.760164E-06, -2.198213, 2.19821310043405, -1.872149E-06, 2.862191, 2.86219120025696
1.47999996691942, -1.130001E-06, -2.983676, 2.98367595672629 , -1.797919E-06, -2.138858, 2.13885831832961, -1.887759E-06, 2.967739, 2.96773910522521
1.49999996647239, -1.16672E-06, -3.025225, 3.02522492408775 , -1.835977E-06, -2.077453, 2.0774531364449, -1.902913E-06, 3.070259, 3.07025909423887
1.51999996602535, -1.204207E-06, -3.065506, 3.06550621986413 , -1.874329E-06, -2.01406, 2.01406049728481, -1.917613E-06, 3.169632, 3.16963195800839
1.53999996557832, -1.242466E-06, -3.104481, 3.10448122024561 , -1.912966E-06, -1.948744, 1.94874429702853, -1.931835E-06, 3.26581, 3.26581001281795
1.55999996513128, -1.281504E-06, -3.142113, 3.14211273193386 , -1.951877E-06, -1.881571, 1.88157081604105, -1.945568E-06, 3.358674, 3.35867404937801
1.57999996468425, -1.321325E-06, -3.178365, 3.178364992142 , -1.991053E-06, -1.812608, 1.81260848045458, -1.958779E-06, 3.448117, 3.44811677932795
1.59999996423721, -1.361934E-06, -3.213203, 3.21320343017607 , -2.030483E-06, -1.741927, 1.7419271469128, -1.971489E-06, 3.534067, 3.53406667709406
1.61999996379018, -1.403337E-06, -3.246595, 3.24659538269073 , -2.070157E-06, -1.669598, 1.66959786415228, -1.983699E-06, 3.616464, 3.61646413803155
1.63999996334314, -1.445539E-06, -3.278509, 3.27850914001497 , -2.110063E-06, -1.595694, 1.59569370746752, -1.995329E-06, 3.695208, 3.69520783424431
1.65999996289611, -1.488542E-06, -3.308915, 3.30891489982638 , -2.150191E-06, -1.520289, 1.52028906345519, -2.006414E-06, 3.770232, 3.77023220062309
1.67999996244907, -1.532353E-06, -3.337784, 3.33778405189549 , -2.19053E-06, -1.44346, 1.44345963001417, -2.016941E-06, 3.841472, 3.84147167205863
1.69999996200204, -1.576974E-06, -3.36509, 3.36508965492285 , -2.231068E-06, -1.365283, 1.36528289318267, -2.0269E-06, 3.908837, 3.90883684158378
1.719999961555, -1.62241E-06, -3.390806, 3.39080643653908 , -2.271794E-06, -1.285837, 1.28583693504534, -2.03629E-06, 3.972298, 3.97229790687613
1.73999996110797, -1.668664E-06, -3.414911, 3.41491055488627 , -2.312696E-06, -1.205202, 1.20520162582619, -2.045078E-06, 4.031765, 4.03176546096854
1.75999996066093, -1.715739E-06, -3.43738, 3.43737959861798 , -2.353761E-06, -1.123457, 1.12345743179568, -2.053287E-06, 4.08721, 4.0872097015386
1.7799999602139, -1.763639E-06, -3.458193, 3.45819330215499 , -2.394979E-06, -1.040686, 1.04068613052644, -2.06087E-06, 4.138565, 4.13856506347708
1.79999995976686, -1.812366E-06, -3.477333, 3.47733259201097 , -2.436336E-06, -0.9569703, 0.956970334056141, -2.067873E-06, 4.18579, 4.18579006195119
1.81999995931983, -1.861922E-06, -3.494781, 3.4947805404668 , -2.477821E-06, -0.8723935, 0.872393488887491, -2.074228E-06, 4.228842, 4.22884225845388
1.8399999588728, -1.912311E-06, -3.510521, 3.51052141189627 , -2.51942E-06, -0.7870399, 0.787039875988224, -2.079958E-06, 4.267681, 4.26768064498952
1.85999995842576, -1.963533E-06, -3.524541, 3.52454137802179 , -2.561121E-06, -0.7009944, 0.700994372372537, -2.085073E-06, 4.302275, 4.30227518081716
1.87999995797873, -2.015591E-06, -3.536828, 3.53682827949581 , -2.602913E-06, -0.6143426, 0.614342570310385, -2.089564E-06, 4.33259, 4.33259010314992
1.89999995753169, -2.068487E-06, -3.547372, 3.54737162590087 , -2.64478E-06, -0.5271704, 0.527170419699628, -2.093373E-06, 4.358608, 4.35860776901295
1.91999995708466, -2.122221E-06, -3.556163, 3.55616283416811 , -2.686712E-06, -0.4395645, 0.439564526089296, -2.096613E-06, 4.380295, 4.38029479980519
1.93999995663762, -2.176795E-06, -3.563195, 3.56319499015875 , -2.728696E-06, -0.3516116, 0.351611554633238, -2.099205E-06, 4.397649, 4.39764881134083
1.95999995619059, -2.23221E-06, -3.568463, 3.56846284866403 , -2.770719E-06, -0.2633986, 0.263398587718278, -2.101126E-06, 4.410648, 4.41064834594777
1.97999995574355, -2.288465E-06, -3.571963, 3.57196307182385 , -2.812766E-06, -0.1750129, 0.175012916349126, -2.102354E-06, 4.419284, 4.41928386688282
1.99999995529652, -2.345562E-06, -3.573694, 3.57369399070817 , -2.854827E-06, -0.08654183, 0.086541831540465, -2.10307E-06, 4.423554, 4.42355442047169
2.01999995484948, -2.403499E-06, -3.573655, 3.57365536689839 , -2.896888E-06, 0.001927406, 0.00192740777278682, -2.103002E-06, 4.423462, 4.423461914063
2.03999995440245, -2.462278E-06, -3.571849, 3.57184910774316 , -2.938933E-06, 0.09030749, 0.0903074890853355, -2.102286E-06, 4.419004, 4.41900444030812
2.05999995395541, -2.521897E-06, -3.568279, 3.56827878952116 , -2.980954E-06, 0.1785113, 0.178511321569537, -2.101035E-06, 4.410192, 4.41019153595021
2.07999995350838, -2.582356E-06, -3.56295, 3.56294965744112 , -3.022936E-06, 0.2664523, 0.266452252881985, -2.099114E-06, 4.397047, 4.39704656601002
2.09999995306134, -2.643653E-06, -3.555869, 3.55586886406043 , -3.064866E-06, 0.3540437, 0.354043722165976, -2.096499E-06, 4.379573, 4.37957334518483
2.11999995261431, -2.705787E-06, -3.547045, 3.54704475402935 , -3.106732E-06, 0.4411997, 0.441199749719114, -2.093304E-06, 4.357801, 4.35780143737843
2.13999995216727, -2.768758E-06, -3.536488, 3.53648805618395 , -3.148521E-06, 0.5278349, 0.52783489228234, -2.089416E-06, 4.331757, 4.33175706863454
2.15999995172024, -2.832562E-06, -3.524211, 3.52421069145316 , -3.190219E-06, 0.6138641, 0.613864064224903, -2.084937E-06, 4.301459, 4.30145883560231
2.1799999512732, -2.897199E-06, -3.510227, 3.51022672653318 , -3.231817E-06, 0.6992033, 0.699203252799827, -2.079878E-06, 4.26696, 4.26695966720632
2.19999995082617, -2.962665E-06, -3.494551, 3.49455142021305 , -3.273299E-06, 0.7837689, 0.783768892295043, -2.074103E-06, 4.228282, 4.22828197479299
2.21999995037913, -3.028958E-06, -3.477202, 3.47720193863047 , -3.314655E-06, 0.8674784, 0.867478370672837, -2.067782E-06, 4.185474, 4.18547391891531
2.2399999499321, -3.096075E-06, -3.458197, 3.45819687843461 , -3.355872E-06, 0.9502499, 0.95024991036054, -2.060858E-06, 4.138577, 4.13857698440603
2.25999994948506, -3.164014E-06, -3.437557, 3.43755674362328 , -3.396939E-06, 1.032003, 1.03200292587839, -2.053343E-06, 4.087651, 4.08765077590994
2.27999994903803, -3.232771E-06, -3.415304, 3.41530370712433 , -3.437843E-06, 1.112658, 1.11265778542096, -2.045238E-06, 4.032743, 4.03274297714285
2.29999994859099, -3.302343E-06, -3.391461, 3.39146089553994 , -3.478574E-06, 1.192136, 1.1921360492757, -2.036518E-06, 3.973913, 3.97391319274955
2.31999994814396, -3.372725E-06, -3.366054, 3.36605358123948 , -3.519119E-06, 1.270361, 1.27036058903228, -2.027252E-06, 3.911227, 3.91122698783927
2.33999994769692, -3.443914E-06, -3.339108, 3.33910846710383 , -3.559467E-06, 1.347255, 1.34725534916394, -2.017418E-06, 3.844738, 3.84473800659233
2.35999994724989, -3.515906E-06, -3.310653, 3.31065344810673 , -3.599608E-06, 1.422746, 1.42274594307401, -2.00705E-06, 3.77453, 3.7745296955114
2.37999994680285, -3.588697E-06, -3.280718, 3.28071832657057 , -3.639531E-06, 1.496759, 1.49675941467728, -1.996159E-06, 3.700674, 3.70067358017022
2.39999994635582, -3.662282E-06, -3.249334, 3.24933385849205 , -3.679224E-06, 1.569224, 1.56922411919071, -1.984642E-06, 3.623235, 3.62323522567803
2.41999994590878, -3.736655E-06, -3.216532, 3.21653246879795 , -3.718678E-06, 1.64007, 1.64006996155207, -1.972705E-06, 3.542292, 3.54229211807306
2.43999994546175, -3.811813E-06, -3.182348, 3.1823477745079 , -3.757882E-06, 1.709229, 1.70922875404771, -1.960211E-06, 3.45794, 3.45793962478693
2.45999994501472, -3.887749E-06, -3.146815, 3.14681506157162 , -3.796828E-06, 1.776634, 1.77663421631265, -1.947296E-06, 3.370273, 3.3702731132513
2.47999994456768, -3.964459E-06, -3.109971, 3.10997056961312 , -3.835506E-06, 1.842221, 1.84222126007479, -1.933859E-06, 3.279352, 3.27935218811092
2.49999994412065, -4.041937E-06, -3.071852, 3.07185196876792 , -3.873904E-06, 1.905928, 1.90592765808499, -1.919898E-06, 3.18532, 3.18531990051327
2.51999994367361, -4.120177E-06, -3.032498, 3.0324981212644 , -3.912015E-06, 1.967692, 1.96769177914055, -1.905551E-06, 3.088206, 3.08820605278074
2.53999994322658, -4.199174E-06, -2.991949, 2.99194908142385 , -3.94983E-06, 2.027455, 2.02745485306171, -1.890771E-06, 2.988154, 2.98815369606078
2.55999994277954, -4.278921E-06, -2.950246, 2.95024585724187 , -3.987341E-06, 2.08516, 2.08515977859878, -1.87556E-06, 2.885246, 2.88524627685608
2.57999994233251, -4.359411E-06, -2.907431, 2.90743088722556 , -4.02454E-06, 2.140752, 2.14075207710644, -1.859917E-06, 2.779615, 2.77961492538514
2.59999994188547, -4.44064E-06, -2.863547, 2.86354732513772 , -4.061418E-06, 2.194179, 2.19417905807871, -1.843932E-06, 2.671349, 2.67134904861514
2.61999994143844, -4.522599E-06, -2.81864, 2.81863951683407 , -4.097969E-06, 2.245389, 2.24538946152107, -1.827539E-06, 2.56052, 2.56052017211979
2.6399999409914, -4.605283E-06, -2.772753, 2.77275276184464 , -4.134185E-06, 2.294336, 2.29433584213629, -1.810804E-06, 2.447319, 2.44731903076239
2.65999994054437, -4.688684E-06, -2.725933, 2.72593331337378 , -4.17006E-06, 2.340972, 2.34097194672002, -1.793728E-06, 2.331805, 2.3318052291877
2.67999994009733, -4.772796E-06, -2.678228, 2.67822813988157 , -4.205586E-06, 2.385254, 2.38525366783513, -1.776334E-06, 2.214086, 2.21408605575633
2.6999999396503, -4.857611E-06, -2.629685, 2.62968540192099 , -4.240759E-06, 2.42714, 2.42713975906743, -1.758622E-06, 2.094305, 2.09430456161573
2.71999993920326, -4.943123E-06, -2.580353, 2.5803534984636 , -4.275571E-06, 2.466592, 2.4665915966071, -1.740614E-06, 1.972592, 1.97259187698441
2.73999993875623, -5.029323E-06, -2.530282, 2.53028202057385 , -4.310018E-06, 2.503572, 2.50357246399297, -1.722333E-06, 1.849043, 1.84904336929402
2.75999993830919, -5.116205E-06, -2.479521, 2.47952103615335 , -4.344094E-06, 2.538048, 2.53804826736822, -1.703825E-06, 1.72379, 1.72379016876305
2.77999993786216, -5.203761E-06, -2.428121, 2.42812132835946 , -4.377795E-06, 2.569987, 2.56998729706183, -1.685066E-06, 1.596951, 1.59695148468106
2.79999993741512, -5.291983E-06, -2.376134, 2.37613415718668 , -4.411117E-06, 2.599361, 2.59936141968148, -1.666081E-06, 1.468706, 1.46870613098239
2.81999993696809, -5.380864E-06, -2.323611, 2.32361125946668 , -4.444056E-06, 2.626143, 2.62614345550913, -1.646936E-06, 1.339102, 1.33910179138285
2.83999993652105, -5.470396E-06, -2.270605, 2.27060508728686 , -4.476608E-06, 2.65031, 2.65030956268689, -1.627609E-06, 1.208305, 1.20830535888782
2.85999993607402, -5.560572E-06, -2.217168, 2.21716833115321 , -4.50877E-06, 2.671839, 2.67183876037978, -1.6081E-06, 1.07646, 1.07645988464476
2.87999993562698, -5.651383E-06, -2.163354, 2.16335415840887 , -4.54054E-06, 2.690712, 2.69071245193865, -1.588478E-06, 0.9436846, 0.943684577943231
2.89999993517995, -5.742821E-06, -2.109216, 2.10921597481556 , -4.571914E-06, 2.706914, 2.7069144249001, -1.568719E-06, 0.8100986, 0.810098648072808
2.91999993473291, -5.834879E-06, -2.054807, 2.05480742455357 , -4.602891E-06, 2.720432, 2.7204315662423, -1.548869E-06, 0.6758571, 0.675857067109929
2.93999993428588, -5.927548E-06, -2.000182, 2.0001823902218 , -4.63347E-06, 2.731253, 2.73125267029202, -1.528952E-06, 0.5410552, 0.541055202486291
2.95999993383884, -6.020821E-06, -1.945395, 1.94539499283769 , -4.66365E-06, 2.73937, 2.73937034607331, -1.508965E-06, 0.4058838, 0.405883789065305
2.97999993339181, -6.114689E-06, -1.890499, 1.8904993534187 , -4.693428E-06, 2.744779, 2.74477910995885, -1.488934E-06, 0.2704382, 0.270438194279001
2.99999993294477, -6.209145E-06, -1.83555, 1.83554983140088 , -4.722806E-06, 2.747476, 2.74747610092569, -1.468879E-06, 0.1348495, 0.134849548347844
3.01999993249774, -6.304181E-06, -1.780601, 1.78060054780169 , -4.751782E-06, 2.747461, 2.74746131897384, -1.448825E-06, -0.0007390976, 0.000739099015251961
3.03999993205071, -6.399788E-06, -1.725706, 1.72570574284787 , -4.780358E-06, 2.744738, 2.74473762512623, -1.428793E-06, -0.1361847, 0.136184692390308
3.05999993160367, -6.495959E-06, -1.67092, 1.67091953755688 , -4.808535E-06, 2.73931, 2.73931026459162, -1.40883E-06, -0.271368, 0.271368026737055
3.07999993115664, -6.592685E-06, -1.616296, 1.61629581452761 , -4.836313E-06, 2.731188, 2.73118782043885, -1.388889E-06, -0.4061222, 0.406122207643977
3.0999999307096, -6.689959E-06, -1.561888, 1.56188821794035 , -4.863693E-06, 2.72038, 2.72038030624824, -1.36904E-06, -0.5403757, 0.540375709535426
3.11999993026257, -6.787773E-06, -1.50775, 1.50775015355684 , -4.89068E-06, 2.706901, 2.70690131187881, -1.349304E-06, -0.6739497, 0.673949718476692
3.13999992981553, -6.886118E-06, -1.453935, 1.45393478872023 , -4.917274E-06, 2.690767, 2.69076681137534, -1.329704E-06, -0.806725, 0.806725025178098
3.1599999293685, -6.984988E-06, -1.400495, 1.40049493314578 , -4.943477E-06, 2.671995, 2.67199468613128, -1.310173E-06, -0.9386063, 0.938606262207946
3.17999992892146, -7.084373E-06, -1.347483, 1.34748280050233 , -4.969294E-06, 2.650607, 2.65060663223732, -1.290846E-06, -1.069403, 1.06940269470293
3.19999992847443, -7.184268E-06, -1.29495, 1.29495024683084 , -4.994727E-06, 2.626626, 2.6266262531328, -1.271655E-06, -1.199019, 1.19901895523139
3.21999992802739, -7.284663E-06, -1.242949, 1.24294865133513 , -5.019781E-06, 2.60008, 2.60007953644283, -1.252693E-06, -1.327336, 1.32733583450376
3.23999992758036, -7.385553E-06, -1.191529, 1.19152879717255 , -5.04446E-06, 2.570995, 2.5709953308155, -1.233934E-06, -1.45421, 1.45421028137259
3.25999992713332, -7.486928E-06, -1.140741, 1.14074075224472 , -5.068767E-06, 2.539405, 2.53940510750323, -1.215381E-06, -1.579511, 1.57951116561936
3.27999992668629, -7.588782E-06, -1.090634, 1.09063386919754 , -5.09271E-06, 2.505342, 2.50534200668853, -1.197145E-06, -1.703155, 1.70315504074139
3.29999992623925, -7.691108E-06, -1.041257, 1.04125702383974 , -5.116293E-06, 2.468843, 2.46884250641399, -1.179137E-06, -1.824975, 1.82497501373329
3.31999992579222, -7.793898E-06, -0.9926581, 0.992658138305744 , -5.139521E-06, 2.429945, 2.42994451523371, -1.161402E-06, -1.9449, 1.94489955902134
3.33999992534518, -7.897146E-06, -0.9448844, 0.94488435986958 , -5.162401E-06, 2.388689, 2.38868927956185, -1.143985E-06, -2.062762, 2.06276178360017
3.35999992489815, -8.000845E-06, -0.897982, 0.89798200134027 , -5.184938E-06, 2.345119, 2.34511947632409, -1.126887E-06, -2.17849, 2.17849016189604
3.37999992445111, -8.104988E-06, -0.8519964, 0.851996421852516 , -5.20714E-06, 2.29928, 2.29928016663187, -1.110106E-06, -2.291965, 2.29196548461941
3.39999992400408, -8.209568E-06, -0.806972, 0.80697202686671 , -5.229013E-06, 2.251219, 2.25121879578244, -1.093645E-06, -2.403069, 2.40306854248072
3.41999992355704, -8.314579E-06, -0.7629523, 0.762952327773577 , -5.250566E-06, 2.200985, 2.20098519325883, -1.077615E-06, -2.51168, 2.51168012619042
3.43999992311001, -8.420015E-06, -0.7199797, 0.719979703475596 , -5.271804E-06, 2.148631, 2.1486310958927, -1.061926E-06, -2.617705, 2.61770486831687
3.45999992266297, -8.52587E-06, -0.6780955, 0.678095519596293 , -5.292738E-06, 2.09421, 2.09421014786435, -1.046669E-06, -2.721047, 2.72104740142842
3.47999992221594, -8.632137E-06, -0.6373399, 0.637339949666306 , -5.313374E-06, 2.037778, 2.03777790070273, -1.031799E-06, -2.821612, 2.82161235809345
3.4999999217689, -8.738812E-06, -0.5977521, 0.597752094332677 , -5.33372E-06, 1.979392, 1.97939217091325, -1.017338E-06, -2.919286, 2.91928648948687
3.51999992132187, -8.845887E-06, -0.5593699, 0.559369862149565 , -5.353787E-06, 1.919112, 1.91911244393142, -1.003332E-06, -3.013986, 3.013986349106
3.53999992087483, -8.953359E-06, -0.5222299, 0.522229850368956 , -5.373583E-06, 1.857, 1.85699999333205, -9.897803E-07, -3.105623, 3.10562252998368
3.5599999204278, -9.061221E-06, -0.4863675, 0.486367493952281 , -5.393117E-06, 1.793118, 1.79311776162005, -9.767064E-07, -3.194112, 3.19411158561721
3.57999991998076, -9.169469E-06, -0.4518169, 0.451816886756483 , -5.412398E-06, 1.72753, 1.72753047943963, -9.640871E-07, -3.279364, 3.27936410903945
3.59999991953373, -9.278098E-06, -0.4186108, 0.41861081133634 , -5.431439E-06, 1.660305, 1.66030454636509, -9.520136E-07, -3.361297, 3.36129665374769
3.61999991908669, -9.387103E-06, -0.3867806, 0.386780649537511 , -5.450246E-06, 1.591508, 1.59150791169146, -9.40372E-07, -3.439832, 3.43983173370374
3.63999991863966, -9.49648E-06, -0.3563564, 0.356356442101175 , -5.468832E-06, 1.52121, 1.52120983601599, -9.292762E-07, -3.514904, 3.51490378379834
3.65999991819263, -9.606224E-06, -0.3273668, 0.327366829059399 , -5.487206E-06, 1.449481, 1.4494810104474, -9.187033E-07, -3.586441, 3.58644127845776
3.67999991774559, -9.716332E-06, -0.299839, 0.299838960328176 , -5.505379E-06, 1.376394, 1.37639379502444, -9.086534E-07, -3.654361, 3.65436077117931
3.69999991729856, -9.826799E-06, -0.2737985, 0.273798525509749 , -5.523362E-06, 1.302022, 1.30202174187878, -8.991492E-07, -3.718603, 3.71860265731822
3.71999991685152, -9.937623E-06, -0.2492697, 0.249269738991464 , -5.541166E-06, 1.226439, 1.22643923760712, -8.901907E-07, -3.779125, 3.77912521362315
3.73999991640449, -1.00488E-05, -0.2262753, 0.226275295242281 , -5.558802E-06, 1.149722, 1.14972186089906, -8.818233E-07, -3.835869, 3.83586883544932
3.75999991595745, -1.016032E-05, -0.2048364, 0.204836368812778 , -5.576283E-06, 1.071947, 1.07194662095567, -8.740244E-07, -3.888762, 3.888761997223
3.77999991551042, -1.02722E-05, -0.1849726, 0.184972554730493 , -5.593618E-06, 0.9931911, 0.99319112302448, -8.667712E-07, -3.937775, 3.9377748966218
3.79999991506338, -1.038441E-05, -0.1667019, 0.166701883401061 , -5.61082E-06, 0.9135339, 0.913533926027362, -8.600864E-07, -3.98286, 3.9828598499299
3.81999991461635, -1.049697E-05, -0.1500408, 0.15004079080584 , -5.6279E-06, 0.8330547, 0.833054661769804, -8.540155E-07, -4.023963, 4.02396345138559
3.83999991416931, -1.060987E-05, -0.1350041, 0.135004118501818 , -5.644871E-06, 0.7518333, 0.751833319685193, -8.485358E-07, -4.061067, 4.06106710433969
3.85999991372228, -1.07231E-05, -0.1216051, 0.121605106170889 , -5.661743E-06, 0.6699507, 0.669950723671995, -8.436245E-07, -4.09413, 4.09413003921517
3.87999991327524, -1.083667E-05, -0.1098553, 0.109855339465575 , -5.67853E-06, 0.5874883, 0.58748829367521, -8.393272E-07, -4.123122, 4.12312173843392
3.89999991282821, -1.095058E-05, -0.09976478, 0.0997647798110802 , -5.695243E-06, 0.5045279, 0.504527926477152, -8.356437E-07, -4.148018, 4.14801836013802
3.91999991238117, -1.106482E-05, -0.09134174, 0.0913417420532522 , -5.711894E-06, 0.4211519, 0.421151906290641, -8.325742E-07, -4.168801, 4.16880130767831
3.93999991193414, -1.117939E-05, -0.08459289, 0.0845928870077994 , -5.728497E-06, 0.3374428, 0.337442785550104, -8.301413E-07, -4.185456, 4.18545627594002
3.9599999114871, -1.129429E-05, -0.07952321, 0.0795232140097576 , -5.745063E-06, 0.2534835, 0.253483533924357, -8.282996E-07, -4.197963, 4.19796276092537
3.97999991104007, -1.140952E-05, -0.07613607, 0.0761360683645492 , -5.761603E-06, 0.1693571, 0.169357121088759, -8.270263E-07, -4.206321, 4.20632076263436
3.99999991059303, -1.152508E-05, -0.07443313, 0.0744331338983566 , -5.778132E-06, 0.08514667, 0.0851466657691748, -8.264351E-07, -4.210523, 4.21052265167244
4.019999910146, -1.164098E-05, -0.07441442, 0.0744144255087415 , -5.794661E-06, 0.0009352863, 0.000935304234024826, -8.264351E-07, -4.210569, 4.21056890487679
4.03999990969896, -1.17572E-05, -0.0760783, 0.0760783040667666 , -5.811201E-06, -0.08319399, 0.0831939878109157, -8.270263E-07, -4.206464, 4.20646381378182
4.05999990925193, -1.187376E-05, -0.07942147, 0.0794214689666717 , -5.827767E-06, -0.1671583, 0.167158275944256, -8.282768E-07, -4.198215, 4.19821453094491
4.07999990880489, -1.199064E-05, -0.08443896, 0.0844389655758983 , -5.844368E-06, -0.2508749, 0.250874936648733, -8.300731E-07, -4.185833, 4.185832977295
4.09999990835786, -1.210786E-05, -0.0911242, 0.0911242001352053 , -5.861019E-06, -0.3342617, 0.334261715463524, -8.32506E-07, -4.169339, 4.16933917999276
4.11999990791082, -1.222542E-05, -0.09946893, 0.0994689323070421 , -5.87773E-06, -0.4172367, 0.417236685794269, -8.355983E-07, -4.148748, 4.14874839782723
4.13999990746379, -1.234331E-05, -0.1094633, 0.109463304977163 , -5.894516E-06, -0.4997185, 0.499718487297491, -8.39259E-07, -4.12409, 4.12409019470223
4.15999990701675, -1.246154E-05, -0.1210958, 0.121095829353172 , -5.911385E-06, -0.5816262, 0.581626176864147, -8.434654E-07, -4.095385, 4.09538459777841
4.17999990656972, -1.25801E-05, -0.1343534, 0.134353429668021 , -5.928351E-06, -0.6628797, 0.662879705455587, -8.483084E-07, -4.062676, 4.06267642974862
4.19999990612268, -1.269901E-05, -0.1492214, 0.14922142082844 , -5.945425E-06, -0.7433995, 0.743399500870637, -8.536972E-07, -4.02599, 4.02599000930795
4.21999990567565, -1.281826E-05, -0.1656836, 0.165683553118644 , -5.962619E-06, -0.8231069, 0.823106884977957, -8.596999E-07, -3.985369, 3.98536920547495
4.23999990522861, -1.293786E-05, -0.183722, 0.183722034552265 , -5.979945E-06, -0.9019241, 0.901924133320605, -8.663164E-07, -3.940862, 3.94086241722116
4.25999990478158, -1.305781E-05, -0.2033175, 0.203317523421935 , -5.997414E-06, -0.9797744, 0.979774355906722, -8.734332E-07, -3.892511, 3.89251112937937
4.27999990433455, -1.317811E-05, -0.2244492, 0.224449158101708 , -6.015037E-06, -1.056582, 1.05658173562808, -8.811412E-07, -3.840369, 3.84036898612986
4.29999990388751, -1.329877E-05, -0.2470946, 0.247094586849458 , -6.032825E-06, -1.132272, 1.13227176667867, -8.893949E-07, -3.784502, 3.78450155258189
4.31999990344048, -1.341978E-05, -0.27123, 0.27123001251041 , -6.05079E-06, -1.206771, 1.20677065850821, -8.982397E-07, -3.724945, 3.72494459152233
4.33999990299344, -1.354116E-05, -0.2968301, 0.296830147813675 , -6.068941E-06, -1.280006, 1.2800062894965, -9.075848E-07, -3.661782, 3.66178154945385
4.35999990254641, -1.366291E-05, -0.3238683, 0.323868304779239 , -6.08729E-06, -1.351908, 1.35190761090695, -9.1743E-07, -3.595066, 3.59506607055676
4.37999990209937, -1.378502E-05, -0.3523164, 0.352316409619124 , -6.105846E-06, -1.422405, 1.42240524293303, -9.277983E-07, -3.524882, 3.52488160133374
4.39999990165234, -1.390752E-05, -0.382145, 0.382145017638553 , -6.12462E-06, -1.491431, 1.49143075944251, -9.386895E-07, -3.451276, 3.45127582550062
4.4199999012053, -1.403039E-05, -0.4133234, 0.413323372840596 , -6.143621E-06, -1.558918, 1.55891764165182, -9.500809E-07, -3.374344, 3.37434411048903
4.43999990075827, -1.415365E-05, -0.4458194, 0.445819378123841 , -6.16286E-06, -1.624801, 1.62480092049814, -9.619271E-07, -3.294164, 3.29416394233718
4.45999990031123, -1.427729E-05, -0.4795997, 0.479599714491687 , -6.182345E-06, -1.689017, 1.68901717663943, -9.742507E-07, -3.210813, 3.21081280708328
4.4799998998642, -1.440134E-05, -0.5146298, 0.514629841052333 , -6.202085E-06, -1.751505, 1.75150489808227, -9.870291E-07, -3.124386, 3.12438607215897
4.49999989941716, -1.452578E-05, -0.5508739, 0.550873935414138 , -6.222092E-06, -1.812204, 1.81220388413544, -1.000308E-06, -3.034949, 3.0349493026735
4.51999989897013, -1.465062E-05, -0.588295, 0.588295042697227 , -6.24237E-06, -1.871056, 1.87105631829349, -1.013905E-06, -2.942622, 2.94262170791643
4.53999989852309, -1.477588E-05, -0.6268551, 0.626855135138134 , -6.262929E-06, -1.928006, 1.92800581456248, -1.027979E-06, -2.847475, 2.84747481346149
4.55999989807606, -1.490156E-05, -0.6665151, 0.666515112089798 , -6.283778E-06, -1.982998, 1.98299813271564, -1.04244E-06, -2.749616, 2.74961590766927
4.57999989762902, -1.502766E-05, -0.7072347, 0.707234740416921 , -6.304923E-06, -2.035981, 2.03598093987487, -1.057265E-06, -2.64914, 2.6491403579714
4.59999989718199, -1.515418E-05, -0.7489728, 0.748972833309895 , -6.326373E-06, -2.086904, 2.08690404892927, -1.072499E-06, -2.546155, 2.5461554527285
4.61999989673495, -1.528115E-05, -0.7916873, 0.791687250284807 , -6.348136E-06, -2.13572, 2.13571953774442, -1.088119E-06, -2.440774, 2.44077444076562
4.63999989628792, -1.540855E-05, -0.8353349, 0.835334897183434 , -6.370216E-06, -2.182381, 2.18238115311599, -1.104036E-06, -2.333081, 2.33308076858547
4.65999989584088, -1.55364E-05, -0.8798718, 0.879871785777884 , -6.392622E-06, -2.226845, 2.22684502602541, -1.12027E-06, -2.223194, 2.22319364547758
4.67999989539385, -1.566471E-05, -0.9252532, 0.925253152979893 , -6.415359E-06, -2.269069, 2.26906919480277, -1.136846E-06, -2.111208, 2.1112084388736
4.69999989494681, -1.579348E-05, -0.9714335, 0.971433460840817 , -6.438433E-06, -2.309014, 2.30901432038251, -1.153717E-06, -1.997256, 1.99725627899203
4.71999989449978, -1.592272E-05, -1.018366, 1.01836633694699 , -6.461848E-06, -2.346643, 2.34664344788487, -1.170747E-06, -1.881456, 1.88145637512243
4.73999989405274, -1.605243E-05, -1.066005, 1.06600475323366 , -6.485611E-06, -2.381922, 2.38192200661589, -1.188164E-06, -1.763928, 1.76392793655436
4.75999989360571, -1.618262E-05, -1.114301, 1.11430108558961 , -6.509727E-06, -2.414817, 2.41481685639305, -1.205808E-06, -1.644742, 1.64474248886153
4.77999989315867, -1.631331E-05, -1.163207, 1.16320705425258 , -6.5342E-06, -2.445298, 2.44529843331256, -1.223611E-06, -1.524079, 1.52407884597827
4.79999989271164, -1.644449E-05, -1.212674, 1.21267378341381 , -6.559033E-06, -2.473339, 2.47333908081924, -1.241665E-06, -1.402032, 1.40203237533624
4.8199998922646, -1.657617E-05, -1.262652, 1.2626520396367 , -6.584232E-06, -2.498913, 2.49891328812513, -1.259946E-06, -1.27871, 1.27871036529603
4.83999989181757, -1.670837E-05, -1.313092, 1.31309199343821 , -6.609798E-06, -2.521998, 2.5219984054652, -1.278318E-06, -1.154256, 1.1542558670051
4.85999989137053, -1.684108E-05, -1.363943, 1.36394345770743 , -6.635737E-06, -2.542574, 2.54257416726025, -1.296917E-06, -1.028788, 1.02878808975301
4.8799998909235, -1.697432E-05, -1.415156, 1.41515588770556 , -6.662048E-06, -2.560622, 2.56062245369824, -1.315584E-06, -0.9024143, 0.902414321900373
4.89999989047647, -1.71081E-05, -1.466679, 1.46667850027525 , -6.688736E-06, -2.576128, 2.57612848282729, -1.334365E-06, -0.7753015, 0.775301456452564
4.91999989002943, -1.724241E-05, -1.51846, 1.51846003542199 , -6.715801E-06, -2.589079, 2.58907890320695, -1.353283E-06, -0.647521, 0.647521018983348
4.9399998895824, -1.737728E-05, -1.570449, 1.57044935236055 , -6.743246E-06, -2.599464, 2.59946393967549, -1.372246E-06, -0.5192518, 0.519251823427106
4.95999988913536, -1.75127E-05, -1.622595, 1.62259483346853 , -6.77107E-06, -2.607276, 2.60727596283838, -1.391186E-06, -0.3906012, 0.390601158144567
4.97999988868833, -1.764869E-05, -1.674845, 1.67484498033285 , -6.799276E-06, -2.612509, 2.61250925064972, -1.410285E-06, -0.2616644, 0.261664390567765
4.99999988824129, -1.778524E-05, -1.727148, 1.72714817533113 , -6.827864E-06, -2.615161, 2.61516141892371, -1.42943E-06, -0.1326084, 0.132608413703993
5.01999988779426, -1.792238E-05, -1.779453, 1.77945280084099 , -6.856832E-06, -2.615232, 2.61523246766036, -1.448416E-06, -0.003552437, 0.00355243712389062
5.03999988734722, -1.80601E-05, -1.831707, 1.83170723924003 , -6.886183E-06, -2.612725, 2.61272478104545, -1.467538E-06, 0.1253843, 0.1253843307581
5.05999988690019, -1.819842E-05, -1.88386, 1.88386011132447 , -6.915914E-06, -2.607644, 2.60764360428774, -1.486546E-06, 0.2540588, 0.254058837894974
5.07999988645315, -1.833734E-05, -1.93586, 1.9358600378905 , -6.946025E-06, -2.599996, 2.59999608994458, -1.505532E-06, 0.3823757, 0.38237571716605
5.09999988600612, -1.847687E-05, -1.987656, 1.9876558781529 , -6.976513E-06, -2.589793, 2.58979272843347, -1.524404E-06, 0.5101681, 0.510168075563801
5.11999988555908, -1.861702E-05, -2.039197, 2.03919672974502 , -7.007378E-06, -2.577046, 2.57704591752051, -1.543253E-06, 0.6373405, 0.637340545656165
5.13999988511205, -1.875779E-05, -2.090432, 2.09043216713738 , -7.038616E-06, -2.561771, 2.5617706775762, -1.561898E-06, 0.763762, 0.763761997224497
5.15999988466501, -1.88992E-05, -2.141312, 2.14131188400979 , -7.070225E-06, -2.543985, 2.54398465157538, -1.580452E-06, 0.8893013, 0.889301300050232
5.17999988421798, -1.904124E-05, -2.191786, 2.19178605087922 , -7.102202E-06, -2.523708, 2.52370786667869, -1.598869E-06, 1.013839, 1.01383924484379
5.19999988377094, -1.918393E-05, -2.241805, 2.24180531509978 , -7.134545E-06, -2.500963, 2.50096273423259, -1.617127E-06, 1.137257, 1.1372566223156
5.21999988332391, -1.932728E-05, -2.291321, 2.29132080086276 , -7.167249E-06, -2.475774, 2.47577428818786, -1.635203E-06, 1.259422, 1.25942230224716
5.23999988287687, -1.947128E-05, -2.340284, 2.3402841091966 , -7.200309E-06, -2.448169, 2.44816946984396, -1.653029E-06, 1.380241, 1.3802409172068
5.25999988242984, -1.961596E-05, -2.388648, 2.38864755638548 , -7.233722E-06, -2.418178, 2.41817808152327, -1.670651E-06, 1.499569, 1.49956941604707
5.2799998819828, -1.976131E-05, -2.436364, 2.4363641739693 , -7.267484E-06, -2.385832, 2.38583183289681, -1.68809E-06, 1.617312, 1.61731243133633
5.29999988153577, -1.990734E-05, -2.483387, 2.48338747032515 , -7.30159E-06, -2.351165, 2.35116529465855, -1.70528E-06, 1.733327, 1.73332691192711
5.31999988108873, -2.005406E-05, -2.529672, 2.52967166908584 , -7.336032E-06, -2.314215, 2.31421470643253, -1.722128E-06, 1.847529, 1.84752941131672
5.3399998806417, -2.020148E-05, -2.575172, 2.57517194755849 , -7.370807E-06, -2.275019, 2.27501869202854, -1.738726E-06, 1.959801, 1.95980072021562
5.35999988019466, -2.03496E-05, -2.619844, 2.61984419830596 , -7.405908E-06, -2.233618, 2.23361825944221, -1.755052E-06, 2.070022, 2.07002162933424
5.37999987974763, -2.049842E-05, -2.663645, 2.66364526756545 , -7.441328E-06, -2.190056, 2.19005632401777, -1.771014E-06, 2.178097, 2.17809677124095
5.39999987930059, -2.064796E-05, -2.706533, 2.70653271682986 , -7.477061E-06, -2.144378, 2.14437794686667, -1.786657E-06, 2.283919, 2.28391885757516
5.41999987885356, -2.079822E-05, -2.748465, 2.74846529968502 , -7.513101E-06, -2.09663, 2.09663009644901, -1.801959E-06, 2.387393, 2.38739252090522
5.43999987840652, -2.094921E-05, -2.789402, 2.78940248497247 , -7.549438E-06, -2.046862, 2.04686212541065, -1.816875E-06, 2.488399, 2.48839855194158
5.45999987795949, -2.110094E-05, -2.829305, 2.82930493362666 , -7.586068E-06, -1.995125, 1.99512505532753, -1.831472E-06, 2.586854, 2.58685350418156
5.47999987751246, -2.12534E-05, -2.868134, 2.86813426025636 , -7.62298E-06, -1.941472, 1.94147193433351, -1.845638E-06, 2.682656, 2.68265604972903
5.49999987706542, -2.14066E-05, -2.905854, 2.9058535099818 , -7.660167E-06, -1.885957, 1.88595724107391, -1.859348E-06, 2.775735, 2.77573466301027
5.51999987661839, -2.156055E-05, -2.942426, 2.94242620476039 , -7.697622E-06, -1.828638, 1.82863807679843, -1.872741E-06, 2.865958, 2.86595821380676
5.53999987617135, -2.171526E-05, -2.977818, 2.97781753547957 , -7.735334E-06, -1.769572, 1.76957201959393, -1.88561E-06, 2.953303, 2.95330286026061
5.55999987572432, -2.187072E-05, -3.011994, 3.01199388511969 , -7.773296E-06, -1.70882, 1.70881962777952, -1.89807E-06, 3.03762, 3.03761959075987
5.57999987527728, -2.202695E-05, -3.044923, 3.04492282875399 , -7.811498E-06, -1.646442, 1.64644229413932, -1.910121E-06, 3.118867, 3.1188666820532
5.59999987483025, -2.218395E-05, -3.076573, 3.07657289513003 , -7.849931E-06, -1.582503, 1.58250308038751, -1.921626E-06, 3.196961, 3.19696068763791
5.61999987438321, -2.234172E-05, -3.106914, 3.10691428192542 , -7.888585E-06, -1.517067, 1.51706659795905, -1.932722E-06, 3.271824, 3.27182412147579
5.63999987393618, -2.250027E-05, -3.135918, 3.1359181404921 , -7.92745E-06, -1.450199, 1.45019876959106, -1.943272E-06, 3.343391, 3.3433914184576
5.65999987348914, -2.26596E-05, -3.163558, 3.16355752953061 , -7.96652E-06, -1.381967, 1.38196706774147, -1.953458E-06, 3.411585, 3.41158509254511
5.67999987304211, -2.281972E-05, -3.189806, 3.18980622299727 , -8.00578E-06, -1.31244, 1.31243991854248, -1.963008E-06, 3.476357, 3.47635746002253
5.69999987259507, -2.298062E-05, -3.21464, 3.21463990219701 , -8.045222E-06, -1.241687, 1.24168729784711, -1.972103E-06, 3.537631, 3.53763103485162
5.71999987214804, -2.314232E-05, -3.238035, 3.23803544052765 , -8.084834E-06, -1.16978, 1.16978025439195, -1.980607E-06, 3.595352, 3.59535217285211
5.739999871701, -2.330481E-05, -3.259971, 3.25997114189849 , -8.124606E-06, -1.096791, 1.09679055216937, -1.98861E-06, 3.649485, 3.64948511123711
5.75999987125397, -2.34681E-05, -3.280427, 3.28042697914889 , -8.164527E-06, -1.022792, 1.02279150489251, -1.996023E-06, 3.699952, 3.69995236396843
5.77999987080693, -2.363219E-05, -3.299384, 3.2993841172111 , -8.204585E-06, -0.9478569, 0.947856903111681, -2.002935E-06, 3.74673, 3.74673008918816
5.7999998703599, -2.379709E-05, -3.316825, 3.31682538994743 , -8.244772E-06, -0.8720616, 0.872061610260837, -2.009347E-06, 3.789765, 3.78976464271599
5.81999986991286, -2.396279E-05, -3.332735, 3.33273506173166 , -8.285075E-06, -0.7954812, 0.795481205029718, -2.015122E-06, 3.82902, 3.82902026176506
5.83999986946583, -2.41293E-05, -3.347099, 3.34709882744903 , -8.325483E-06, -0.718192, 0.718191981363868, -2.020397E-06, 3.864461, 3.8644611835485
5.85999986901879, -2.429662E-05, -3.359904, 3.35990428933345 , -8.365983E-06, -0.6402708, 0.640270829255401, -2.025035E-06, 3.896058, 3.89605760574393
5.87999986857176, -2.446475E-05, -3.37114, 3.3711402417117 , -8.406564E-06, -0.5617952, 0.561795234743073, -2.029037E-06, 3.92378, 3.92377972602897
5.89999986812472, -2.463369E-05, -3.380797, 3.3807971478406 , -8.447217E-06, -0.4828431, 0.482843071296196, -2.03263E-06, 3.947608, 3.94760823249869
5.91999986767769, -2.480345E-05, -3.388867, 3.38886690148847 , -8.487928E-06, -0.4034927, 0.403492689221967, -2.03554E-06, 3.967519, 3.9675192832952
5.93999986723065, -2.497403E-05, -3.395343, 3.39534330377227 , -8.528687E-06, -0.3238227, 0.323822736852425, -2.03795E-06, 3.983498, 3.98349761962943
5.95999986678362, -2.514541E-05, -3.400222, 3.4002215863204 , -8.569482E-06, -0.243912, 0.243912011535502, -2.039769E-06, 3.995536, 3.99553632736258
5.97999986633658, -2.531762E-05, -3.403498, 3.40349841127275 , -8.610301E-06, -0.1638396, 0.163839638459434, -2.040952E-06, 4.003619, 4.00361871719412
5.99999986588955, -2.549064E-05, -3.405172, 3.40517210969929 , -8.651131E-06, -0.08368465, 0.0836846534909142, -2.041497E-06, 4.00775, 4.00774955749564
6.01999986544251, -2.566448E-05, -3.405243, 3.40524268160001 , -8.691961E-06, -0.003526181, 0.00352619169532237, -2.041497E-06, 4.007924, 4.00792360305838
6.03999986499548, -2.583914E-05, -3.403712, 3.40371155748638 , -8.732782E-06, 0.07655676, 0.0765567575905474, -2.041043E-06, 4.004147, 4.00414705276541
6.05999986454844, -2.601461E-05, -3.400582, 3.40058183679995 , -8.773579E-06, 0.1564852, 0.156485229976558, -2.03986E-06, 3.996424, 3.996423721314
6.07999986410141, -2.61909E-05, -3.395858, 3.39585828791228 , -8.814341E-06, 0.2361806, 0.236180618569819, -2.038087E-06, 3.98477, 3.98476958274893
6.09999986365438, -2.6368E-05, -3.389547, 3.38954710970644 , -8.855059E-06, 0.3155646, 0.315564572935368, -2.035904E-06, 3.969198, 3.96919775009208
6.11999986320734, -2.654591E-05, -3.381656, 3.38165593157697 , -8.895718E-06, 0.3945591, 0.394559085469391, -2.032948E-06, 3.949726, 3.94972562789969
6.13999986276031, -2.672464E-05, -3.372194, 3.37219429026703 , -8.936307E-06, 0.4730867, 0.473086685026646, -2.029492E-06, 3.92638, 3.92638015747123
6.15999986231327, -2.690417E-05, -3.361173, 3.36117291461268 , -8.976815E-06, 0.5510704, 0.551070392204921, -2.025399E-06, 3.899185, 3.89918541908317
6.17999986186624, -2.708452E-05, -3.348604, 3.34860420238004 , -9.017232E-06, 0.6284339, 0.628433942859493, -2.020806E-06, 3.868178, 3.86817765235954
6.1999998614192, -2.726567E-05, -3.334502, 3.33450222026528 , -9.057548E-06, 0.7051015, 0.705101490078927, -2.015804E-06, 3.833377, 3.83337736129814
6.21999986097217, -2.744763E-05, -3.318882, 3.31888222705747 , -9.097747E-06, 0.7809982, 0.780998230033458, -2.009983E-06, 3.794837, 3.79483699798637
6.23999986052513, -2.763038E-05, -3.301761, 3.30176115047572 , -9.137825E-06, 0.8560501, 0.85605013375391, -2.00389E-06, 3.752595, 3.75259518623406
6.2599998600781, -2.781394E-05, -3.283158, 3.28315758716921 , -9.177765E-06, 0.930184, 0.930184006736256, -1.996978E-06, 3.706694, 3.70669364929253
6.27999985963106, -2.799829E-05, -3.263091, 3.26309108746143 , -9.217558E-06, 1.003328, 1.00332760815086, -1.989656E-06, 3.65718, 3.65718007087762
6.29999985918403, -2.818343E-05, -3.241583, 3.24158287060592 , -9.257194E-06, 1.07541, 1.07540977005175, -1.981789E-06, 3.604108, 3.60410809516961
6.31999985873699, -2.836937E-05, -3.218656, 3.2186555863677 , -9.296663E-06, 1.146361, 1.14636051658585, -1.973467E-06, 3.547537, 3.54753732681329
6.33999985828996, -2.855609E-05, -3.194333, 3.19433331502327 , -9.335956E-06, 1.216111, 1.21611094478376, -1.964645E-06, 3.487521, 3.48752140998896
6.35999985784292, -2.874359E-05, -3.168641, 3.16864132894202 , -9.375061E-06, 1.284594, 1.28459370139682, -1.955277E-06, 3.424138, 3.42413783073481
6.37999985739589, -2.893187E-05, -3.141607, 3.14160656942338 , -9.413969E-06, 1.351742, 1.35174238685071, -1.945364E-06, 3.357434, 3.35743427276668
6.39999985694885, -2.912092E-05, -3.113257, 3.11325669302255 , -9.452669E-06, 1.417492, 1.41749191287331, -1.935041E-06, 3.287476, 3.28747630119381
6.41999985650182, -2.931074E-05, -3.083621, 3.08362102522475 , -9.491154E-06, 1.481779, 1.48177909854114, -1.924218E-06, 3.214359, 3.21435928344784
6.43999985605478, -2.950133E-05, -3.05273, 3.05273008360813 , -9.529413E-06, 1.544542, 1.54454183581431, -1.91294E-06, 3.138137, 3.13813686370908
6.45999985560775, -2.969268E-05, -3.020616, 3.02061557784369 , -9.567437E-06, 1.60572, 1.6057198047923, -1.901208E-06, 3.058898, 3.05889844894468
6.47999985516071, -2.988478E-05, -2.98731, 2.98731040969538 , -9.605218E-06, 1.665254, 1.66525411608605, -1.889066E-06, 2.976716, 2.97671556472838
6.49999985471368, -3.007764E-05, -2.952849, 2.95284867302001 , -9.642746E-06, 1.723088, 1.72308778765516, -1.876379E-06, 2.891684, 2.89168357849182
6.51999985426664, -3.027124E-05, -2.917265, 2.91726541534871 , -9.680019E-06, 1.779166, 1.77916550638925, -1.863646E-06, 2.803886, 2.80388593673768
6.53999985381961, -3.046558E-05, -2.880597, 2.88059663788693 , -9.71702E-06, 1.833434, 1.8334338665266, -1.850094E-06, 2.713418, 2.7134180068976
6.55999985337257, -3.066065E-05, -2.84288, 2.84287977235162 , -9.753748E-06, 1.885841, 1.88584089281697, -1.836361E-06, 2.620351, 2.62035131454532
6.57999985292554, -3.085646E-05, -2.804153, 2.80415296571542 , -9.790193E-06, 1.936337, 1.93633675577731, -1.822264E-06, 2.524793, 2.52479314804143
6.5999998524785, -3.105298E-05, -2.764456, 2.76445555704391 , -9.82635E-06, 1.984874, 1.98487353327322, -1.807848E-06, 2.426839, 2.42683887481757
6.61999985203147, -3.125023E-05, -2.723827, 2.72382736223981 , -9.862211E-06, 2.031406, 2.03140592577467, -1.793069E-06, 2.32662, 2.32661962509224
6.63999985158443, -3.144818E-05, -2.68231, 2.68230962771731 , -9.897767E-06, 2.075889, 2.07588934900736, -1.777789E-06, 2.224171, 2.22417116165232
6.6599998511374, -3.164684E-05, -2.639944, 2.63994407672777 , -9.933015E-06, 2.118282, 2.11828184130137, -1.762373E-06, 2.119625, 2.11962461471631
6.67999985069036, -3.18462E-05, -2.596773, 2.59677314777828 , -9.967946E-06, 2.158544, 2.15854406359113, -1.746594E-06, 2.013111, 2.01311111450271
6.69999985024333, -3.204625E-05, -2.55284, 2.55284047146884 , -1.000256E-05, 2.196639, 2.19663858415974, -1.730587E-06, 1.904726, 1.90472602844317
6.7199998497963, -3.224699E-05, -2.50819, 2.50818991681801 , -1.003685E-05, 2.232529, 2.23252940180174, -1.714398E-06, 1.794541, 1.79454088211141
6.73999984934926, -3.244841E-05, -2.462866, 2.46286630651869 , -1.00708E-05, 2.266183, 2.26618337633463, -1.697708E-06, 1.682699, 1.68269872665491
6.75999984890223, -3.26505E-05, -2.416915, 2.41691494010091 , -1.010442E-05, 2.29757, 2.29756975176172, -1.680928E-06, 1.569319, 1.56931877136321
6.77999984845519, -3.285325E-05, -2.370382, 2.37038183235047 , -1.01377E-05, 2.32666, 2.32665991785351, -1.664012E-06, 1.454508, 1.4545083045969
6.79999984800816, -3.305667E-05, -2.323313, 2.32331323647174 , -1.017064E-05, 2.353427, 2.35342741014771, -1.646822E-06, 1.338375, 1.33837461471659
6.81999984756112, -3.326073E-05, -2.275756, 2.2757563593434 , -1.020322E-05, 2.377848, 2.37784790994926, -1.629451E-06, 1.221025, 1.22102499008287
6.83999984711409, -3.346544E-05, -2.227758, 2.22775840784413 , -1.023546E-05, 2.399899, 2.39989948274888, -1.611988E-06, 1.102579, 1.10257863998531
6.85999984666705, -3.367079E-05, -2.179367, 2.17936706568979 , -1.026735E-05, 2.419563, 2.41956329347882, -1.594299E-06, 0.9831905, 0.983190536500316
6.87999984622002, -3.387676E-05, -2.130631, 2.13063073185196 , -1.029888E-05, 2.436822, 2.4368219375828, -1.576518E-06, 0.8629322, 0.862932205201635
6.89999984577298, -3.408336E-05, -2.081598, 2.08159756688365 , -1.033006E-05, 2.451661, 2.45166110994608, -1.558783E-06, 0.7419586, 0.7419586181657
6.91999984532595, -3.429058E-05, -2.032316, 2.03231620817503 , -1.036087E-05, 2.464068, 2.46406841280254, -1.540639E-06, 0.6203651, 0.620365142824179
6.93999984487891, -3.449841E-05, -1.982836, 1.98283553153485 , -1.039132E-05, 2.474034, 2.47403383257187, -1.522494E-06, 0.498271, 0.498270988466682
6.95999984443188, -3.470683E-05, -1.933205, 1.93320453198116 , -1.042141E-05, 2.48155, 2.48155021669669, -1.504577E-06, 0.3758192, 0.375819206240805
6.97999984398484, -3.491586E-05, -1.883472, 1.8834723237413 , -1.045114E-05, 2.486612, 2.48661231996825, -1.486342E-06, 0.2531052, 0.253105163578583
6.99999984353781, -3.512547E-05, -1.833688, 1.8336880210426 , -1.04805E-05, 2.489218, 2.48921775820077, -1.468197E-06, 0.1302719, 0.130271911629367
7.01999984309077, -3.533566E-05, -1.783901, 1.78390073811242 , -1.05095E-05, 2.489366, 2.4893660545571, -1.450053E-06, 0.007414818, 0.00741481795184585
7.03999984264374, -3.554642E-05, -1.73416, 1.73415958917809 , -1.053814E-05, 2.48706, 2.48706007006017, -1.431863E-06, -0.1152992, 0.115299224862407
7.0599998421967, -3.575775E-05, -1.684514, 1.68451356925769 , -1.056641E-05, 2.482304, 2.48230409624441, -1.413719E-06, -0.2377987, 0.237798690800101
7.07999984174967, -3.596964E-05, -1.635011, 1.63501143495071 , -1.059433E-05, 2.475105, 2.47510504724863, -1.395756E-06, -0.3599524, 0.35995244980129
7.09999984130263, -3.618207E-05, -1.585702, 1.58570194285664 , -1.062188E-05, 2.465473, 2.46547269823455, -1.377612E-06, -0.4816175, 0.481617450716082
7.1199998408556, -3.639505E-05, -1.536634, 1.53663361115641 , -1.064908E-05, 2.453419, 2.45341873171256, -1.359922E-06, -0.6026983, 0.602698326112374
7.13999984040856, -3.660857E-05, -1.487854, 1.48785448119378 , -1.067592E-05, 2.438958, 2.43895769121599, -1.341959E-06, -0.723052, 0.723052024842554
7.15999983996153, -3.682262E-05, -1.439412, 1.43941235589397 , -1.070241E-05, 2.422106, 2.42210626604537, -1.324361E-06, -0.8425713, 0.842571258545963
7.17999983951449, -3.703719E-05, -1.391355, 1.3913546805543 , -1.072854E-05, 2.402883, 2.40288305284988, -1.306853E-06, -0.9611607, 0.961160659790927
7.19999983906746, -3.725228E-05, -1.343729, 1.34372854284425 , -1.075433E-05, 2.38131, 2.38130974772021, -1.289482E-06, -1.078665, 1.07866525650101
7.21999983862042, -3.746787E-05, -1.29658, 1.29658031517759 , -1.077978E-05, 2.35741, 2.35740995409569, -1.272201E-06, -1.19499, 1.19498968124457
7.23999983817339, -3.768397E-05, -1.249956, 1.2499561315495 , -1.080488E-05, 2.331209, 2.3312091827643, -1.255239E-06, -1.310039, 1.31003856658996
7.25999983772635, -3.790056E-05, -1.203901, 1.20390141069943 , -1.082965E-05, 2.302736, 2.30273580553694, -1.238459E-06, -1.423669, 1.4236688613897
7.27999983727932, -3.811764E-05, -1.158461, 1.1584609753204 , -1.085409E-05, 2.27202, 2.27201986315459, -1.221952E-06, -1.535797, 1.53579711914111
7.29999983683228, -3.833521E-05, -1.113679, 1.11367905205902 , -1.08782E-05, 2.239094, 2.23909425738116, -1.205535E-06, -1.64628, 1.64628028869673
7.31999983638525, -3.855325E-05, -1.069599, 1.06959915230615 , -1.090199E-05, 2.203993, 2.20399308207347, -1.189483E-06, -1.755059, 1.75505876541178
7.33999983593822, -3.877176E-05, -1.026264, 1.02626407219693 , -1.092546E-05, 2.166754, 2.16675376894844, -1.173657E-06, -1.861966, 1.86196565628089
7.35999983549118, -3.899073E-05, -0.9837158, 0.983715773401506 , -1.094863E-05, 2.127415, 2.12741470339731, -1.158196E-06, -1.966953, 1.96695327758823
7.37999983504415, -3.921016E-05, -0.9419954, 0.941995442729658 , -1.097149E-05, 2.086017, 2.08601665499711, -1.142962E-06, -2.069902, 2.06990242004426
7.39999983459711, -3.943004E-05, -0.9011434, 0.90114337292151 , -1.099405E-05, 2.042603, 2.04260277751067, -1.128001E-06, -2.170694, 2.17069387435942
7.41999983415008, -3.965036E-05, -0.861199, 0.861199022252185 , -1.101632E-05, 1.997218, 1.99721789363085, -1.113449E-06, -2.269244, 2.26924419403103
7.43999983370304, -3.987113E-05, -0.8222008, 0.822200835717868 , -1.10383E-05, 1.949908, 1.94990825656201, -1.099261E-06, -2.365482, 2.36548185348536
7.45999983325601, -4.009233E-05, -0.7841864, 0.784186364245096 , -1.106001E-05, 1.900723, 1.90072274211287, -1.085346E-06, -2.459276, 2.4592757225039
7.47999983280897, -4.031396E-05, -0.7471921, 0.747192145481469 , -1.108145E-05, 1.849712, 1.84971165660363, -1.071885E-06, -2.550554, 2.55055427551292
7.49999983236194, -4.053601E-05, -0.7112536, 0.711253584586365 , -1.110262E-05, 1.796927, 1.79692697528454, -1.058743E-06, -2.639234, 2.63923406600973
7.5199998319149, -4.075848E-05, -0.6764051, 0.676405133044866 , -1.112354E-05, 1.742423, 1.74242281917308, -1.046055E-06, -2.725208, 2.72520780563375
7.53999983146787, -4.098137E-05, -0.64268, 0.642680050249182 , -1.114422E-05, 1.686254, 1.68625438217031, -1.033777E-06, -2.808422, 2.80842185020466
7.55999983102083, -4.120466E-05, -0.6101105, 0.61011046310329 , -1.116465E-05, 1.628479, 1.62847876552594, -1.021863E-06, -2.888781, 2.88878083229083
7.5799998305738, -4.142835E-05, -0.5787274, 0.57872736602293 , -1.118486E-05, 1.569154, 1.56915438179188, -1.010358E-06, -2.966219, 2.96621918678301
7.59999983012676, -4.165245E-05, -0.5485606, 0.548560561330948 , -1.120485E-05, 1.508341, 1.50834131245007, -9.993983E-07, -3.040653, 3.04065346717851
7.61999982967973, -4.187694E-05, -0.5196385, 0.519638540047998 , -1.122463E-05, 1.446101, 1.44610106949394, -9.888481E-07, -3.112012, 3.1120121479036
7.63999982923269, -4.210183E-05, -0.4919886, 0.491988601101812 , -1.12442E-05, 1.382496, 1.38249635700984, -9.787072E-07, -3.180236, 3.18023562431351
7.65999982878566, -4.23271E-05, -0.4656368, 0.465636791722536 , -1.126358E-05, 1.317591, 1.31759107117699, -9.691576E-07, -3.245264, 3.24526429176345
7.67999982833862, -4.255275E-05, -0.4406078, 0.440607788233406 , -1.128278E-05, 1.251451, 1.25145077710469, -9.599717E-07, -3.307015, 3.30701470375075
7.69999982789159, -4.277879E-05, -0.416925, 0.416924955655363 , -1.130181E-05, 1.184142, 1.18414163594871, -9.513769E-07, -3.365457, 3.36545705795302
7.71999982744455, -4.30052E-05, -0.3946103, 0.394610317904679 , -1.132067E-05, 1.115731, 1.11573135858557, -9.431915E-07, -3.420514, 3.42051386833204
7.73999982699752, -4.323199E-05, -0.3736846, 0.373684557792908 , -1.133939E-05, 1.046288, 1.04628849035686, -9.355972E-07, -3.472143, 3.47214341163648
7.75999982655048, -4.345915E-05, -0.3541669, 0.354166897817533 , -1.135796E-05, 0.9758824, 0.975882411069208, -9.284577E-07, -3.520304, 3.52030396461499
7.77999982610345, -4.368668E-05, -0.3360752, 0.336075219371186 , -1.137639E-05, 0.9045836, 0.904583573412907, -9.218638E-07, -3.564942, 3.56494188308728
7.79999982565641, -4.391457E-05, -0.3194259, 0.319425943532291 , -1.139471E-05, 0.8324631, 0.832463145334028, -9.157247E-07, -3.606021, 3.60602140426647
7.81999982520938, -4.414283E-05, -0.3042341, 0.304234090669644 , -1.141291E-05, 0.759593, 0.75959301003447, -9.102223E-07, -3.643507, 3.64350676536571
7.83999982476234, -4.437145E-05, -0.2905132, 0.290513161233074 , -1.143102E-05, 0.6860458, 0.686045765972003, -9.052656E-07, -3.677362, 3.67736220359813
7.85999982431531, -4.460043E-05, -0.2782753, 0.278275254962706 , -1.144903E-05, 0.6118946, 0.611894607651056, -9.00809E-07, -3.707558, 3.70755791664135
7.87999982386827, -4.482977E-05, -0.267531, 0.267530981482012 , -1.146697E-05, 0.5372132, 0.537213206413582, -8.968982E-07, -3.73407, 3.73407006263744
7.89999982342124, -4.505947E-05, -0.2582895, 0.258289460297881 , -1.148484E-05, 0.4620758, 0.462075799846325, -8.934876E-07, -3.756871, 3.75687050819408
7.91999982297421, -4.528952E-05, -0.2505583, 0.250558320800752 , -1.150266E-05, 0.3865568, 0.386556804351286, -8.907136E-07, -3.77595, 3.77594995498668
7.93999982252717, -4.551993E-05, -0.2443437, 0.24434370226481 , -1.152042E-05, 0.3107312, 0.310731172775207, -8.884399E-07, -3.791282, 3.79128170013438
7.95999982208014, -4.575069E-05, -0.2396502, 0.239650224045923 , -1.153816E-05, 0.2346739, 0.234673947379518, -8.867119E-07, -3.802861, 3.80286145210276
7.9799998216331, -4.598181E-05, -0.236481, 0.236481015384244 , -1.155587E-05, 0.1584603, 0.158460319463567, -8.855295E-07, -3.810682, 3.8106815814973
7.99999982118607, -4.621328E-05, -0.2348377, 0.234837700503344 , -1.157357E-05, 0.0821656, 0.0821655996844304, -8.849383E-07, -3.814736, 3.8147361278535
8.01999982073903, -4.644511E-05, -0.2347204, 0.234720398610456 , -1.159127E-05, 0.00586509, 0.00586510104930498, -8.849383E-07, -3.815026, 3.81502556800853
8.039999820292, -4.667729E-05, -0.2361277, 0.236127723896643 , -1.160897E-05, -0.07036598, 0.0703659812251485, -8.853931E-07, -3.811553, 3.81155347824107
8.05999981984496, -4.690982E-05, -0.2390568, 0.239056770635701 , -1.16267E-05, -0.1464525, 0.146452516778883, -8.864845E-07, -3.804327, 3.80432677268992
8.07999981939793, -4.714271E-05, -0.2435032, 0.24350315788759 , -1.164447E-05, -0.2223196, 0.222319633073583, -8.881216E-07, -3.793356, 3.79335594177256
8.09999981895089, -4.737595E-05, -0.249461, 0.249461014597118 , -1.166227E-05, -0.2978927, 0.297892719735502, -8.903044E-07, -3.778654, 3.77865433692943
8.11999981850386, -4.760956E-05, -0.256923, 0.256922964692558 , -1.168013E-05, -0.3730976, 0.373097598735532, -8.930328E-07, -3.760244, 3.76024413108836
8.13999981805682, -4.784352E-05, -0.2658802, 0.265880171788858 , -1.169806E-05, -0.4478604, 0.44786041990299, -8.962616E-07, -3.738141, 3.7381410598756
8.15999981760979, -4.807784E-05, -0.2763223, 0.276322339187383 , -1.171606E-05, -0.522108, 0.522107958925094, -9.001269E-07, -3.712377, 3.71237707138072
8.17999981716275, -4.831252E-05, -0.2882377, 0.288237694974513 , -1.173415E-05, -0.5957675, 0.595767498131914, -9.044015E-07, -3.682977, 3.68297696113598
8.19999981671572, -4.854757E-05, -0.301613, 0.301613036724944 , -1.175234E-05, -0.668767, 0.668766975506095, -9.093128E-07, -3.649974, 3.64997386932384
8.21999981626868, -4.878298E-05, -0.3164337, 0.316433731501554 , -1.177063E-05, -0.7410351, 0.741035103891395, -9.147243E-07, -3.613406, 3.61340641975414
8.23999981582165, -4.901876E-05, -0.3326837, 0.332683745657652 , -1.178904E-05, -0.8125013, 0.812501311387712, -9.206815E-07, -3.57331, 3.57331037521374
8.25999981537461, -4.925492E-05, -0.3503457, 0.350345674639272 , -1.180759E-05, -0.8830959, 0.883095920164845, -9.271389E-07, -3.529731, 3.52973055839551
8.27999981492758, -4.949144E-05, -0.3694007, 0.369400683380529 , -1.182627E-05, -0.9527503, 0.95275032527634, -9.340511E-07, -3.48272, 3.48272037506116
8.29999981448054, -4.972834E-05, -0.3898286, 0.389828625512945 , -1.18451E-05, -1.021397, 1.02139651782228, -9.415089E-07, -3.43231, 3.43230962753309
8.31999981403351, -4.996563E-05, -0.411608, 0.411607983760846 , -1.186409E-05, -1.088968, 1.08896803862359, -9.49467E-07, -3.378576, 3.37857604026808
8.33999981358647, -5.020329E-05, -0.434716, 0.434715959348379 , -1.188324E-05, -1.155399, 1.1553990841523, -9.579253E-07, -3.321552, 3.32155227661147
8.35999981313944, -5.044134E-05, -0.4591285, 0.459128471999569 , -1.190258E-05, -1.220625, 1.22062540060125, -9.668383E-07, -3.261316, 3.26131582260146
8.3799998126924, -5.067978E-05, -0.4848202, 0.484820159938364 , -1.19221E-05, -1.284584, 1.2845838070469, -9.761607E-07, -3.19792, 3.19792032241836
8.39999981224537, -5.091862E-05, -0.5117644, 0.511764409691003 , -1.194182E-05, -1.347213, 1.3472127914958, -9.859832E-07, -3.131449, 3.13144922256485
8.41999981179833, -5.115785E-05, -0.5399334, 0.539933445493022 , -1.196175E-05, -1.408452, 1.4084517956288, -9.96306E-07, -3.06195, 3.06195020675675
8.4399998113513, -5.139749E-05, -0.5692983, 0.569298269684641 , -1.198189E-05, -1.468241, 1.46824145321967, -1.006947E-06, -2.989483, 2.98948287963884
8.45999981090426, -5.163754E-05, -0.5998288, 0.599828781920082 , -1.200225E-05, -1.526525, 1.52652466301868, -1.018134E-06, -2.91416, 2.91416049003619
8.47999981045723, -5.187799E-05, -0.6314937, 0.63149368976062 , -1.202284E-05, -1.583245, 1.58324527745043, -1.029593E-06, -2.836031, 2.83603072166462
8.49999981001019, -5.211887E-05, -0.6642607, 0.66426068748854 , -1.204368E-05, -1.638349, 1.63834881786958, -1.041644E-06, -2.755177, 2.75517702102681
8.51999980956316, -5.236016E-05, -0.6980963, 0.698096336897851 , -1.206475E-05, -1.691783, 1.69178259377013, -1.053832E-06, -2.671689, 2.67168879508993
8.53999980911613, -5.260188E-05, -0.7329662, 0.732966246108241 , -1.208609E-05, -1.743496, 1.74349570278542, -1.066655E-06, -2.585655, 2.58565545082114
8.55999980866909, -5.284404E-05, -0.768835, 0.768835009960433 , -1.210768E-05, -1.793439, 1.79343867306028, -1.079752E-06, -2.497149, 2.49714851379418
8.57999980822206, -5.308663E-05, -0.8056663, 0.805666269620838 , -1.212955E-05, -1.841564, 1.84156405929745, -1.093213E-06, -2.406269, 2.40626931190516
8.59999980777502, -5.332967E-05, -0.8434228, 0.843422772186202 , -1.215169E-05, -1.887826, 1.88782620433904, -1.106946E-06, -2.313107, 2.31310725212124
8.61999980732799, -5.357315E-05, -0.8820664, 0.88206637068361 , -1.217411E-05, -1.932181, 1.93218147758504, -1.121089E-06, -2.217764, 2.21776366233854
8.63999980688095, -5.381709E-05, -0.9215581, 0.921558143279777 , -1.219682E-05, -1.974588, 1.97458791736555, -1.135459E-06, -2.120322, 2.12032198905975
8.65999980643392, -5.406148E-05, -0.9618583, 0.96185827407176 , -1.221982E-05, -2.015006, 2.01500558856855, -1.150192E-06, -2.020884, 2.02088356018099
8.67999980598688, -5.430634E-05, -1.002926, 1.00292623190089 , -1.224312E-05, -2.053397, 2.05339694026782, -1.165108E-06, -1.919568, 1.91956758499181
8.69999980553985, -5.455168E-05, -1.044721, 1.04472077035278 , -1.226673E-05, -2.089725, 2.08972549442077, -1.180433E-06, -1.816428, 1.8164277076725
8.71999980509281, -5.479749E-05, -1.0872, 1.08719992775731 , -1.229065E-05, -2.123958, 2.12395787242631, -1.195804E-06, -1.711619, 1.71161890029949
8.73999980464578, -5.504379E-05, -1.130321, 1.13032114639793 , -1.231488E-05, -2.156062, 2.15606212619484, -1.21172E-06, -1.605213, 1.6052126884465
8.75999980419874, -5.529058E-05, -1.174041, 1.17404127251165 , -1.233943E-05, -2.186009, 2.18600940707828, -1.227636E-06, -1.497364, 1.49736404418996
8.77999980375171, -5.553787E-05, -1.218317, 1.21831667549835 , -1.236431E-05, -2.213772, 2.21377158168431, -1.243779E-06, -1.388109, 1.38810873031672
8.79999980330467, -5.578566E-05, -1.263103, 1.26310312871146 , -1.238951E-05, -2.239324, 2.23932361606211, -1.260105E-06, -1.277602, 1.27760171890321
8.81999980285764, -5.603396E-05, -1.308356, 1.30835592866725 , -1.241504E-05, -2.262642, 2.2626423836095, -1.276612E-06, -1.165938, 1.16593837738107
8.8399998024106, -5.628278E-05, -1.35403, 1.35403001425416 , -1.244091E-05, -2.283707, 2.28370714191011, -1.293256E-06, -1.053238, 1.05323791503986
8.85999980196357, -5.653212E-05, -1.40008, 1.40007996673275 , -1.246711E-05, -2.3025, 2.30249953273334, -1.310036E-06, -0.9396195, 0.939619541169126
8.87999980151653, -5.6782E-05, -1.44646, 1.44646000973573 , -1.249365E-05, -2.319003, 2.31900310519723, -1.327044E-06, -0.8251786, 0.82517862320053
